{"count":1,"self":5.9451648,"total":101.59467289999999,"children":{"InitializeActuators":{"count":16,"self":0.0010019999999999999,"total":0.0010019999999999999,"children":null},"InitializeSensors":{"count":16,"self":0.0030027,"total":0.0030027,"children":null},"AgentSendState":{"count":11184,"self":1.2903459,"total":1.8054295999999999,"children":{"CollectObservations":{"count":35792,"self":0.0281131,"total":0.0281131,"children":null},"WriteActionMask":{"count":35792,"self":0.0015475999999999999,"total":0.0015475999999999999,"children":null},"RequestDecision":{"count":35792,"self":0.0413532,"total":0.485423,"children":{"AgentInfo.ToProto":{"count":35792,"self":0.0280412,"total":0.44406979999999996,"children":{"GenerateSensorData":{"count":35792,"self":0.333447,"total":0.41602859999999997,"children":{"RayPerceptionSensor.Perceive":{"count":71584,"self":0.082581599999999991,"total":0.082581599999999991,"children":null}}}}}}}}},"DecideAction":{"count":11184,"self":75.7466432,"total":75.74664039999999,"children":null},"AgentAct":{"count":11184,"self":18.0722496,"total":18.086925,"children":{"AgentInfo.ToProto":{"count":1019,"self":0.0020016,"total":0.0146751,"children":{"GenerateSensorData":{"count":1019,"self":0.0096931,"total":0.012673499999999999,"children":{"RayPerceptionSensor.Perceive":{"count":2038,"self":0.0029804,"total":0.0029804,"children":null}}}}}}},"AgentInfo.ToProto":{"count":463,"self":0.0010007,"total":0.0055100999999999995,"children":{"GenerateSensorData":{"count":463,"self":0.0035085,"total":0.0045094,"children":{"RayPerceptionSensor.Perceive":{"count":926,"self":0.0010008999999999999,"total":0.0010008999999999999,"children":null}}}}}},"gauges":{"Basic.CumulativeReward":{"count":1482,"max":-1.7208451,"min":-12.083972,"runningAverage":-2.7857852,"value":-2.38985443,"weightedAverage":-2.86323667}},"metadata":{"timer_format_version":"0.1.0","start_time_seconds":"1731365243","unity_version":"2023.2.9f1","command_line_arguments":"C:\\Program Files\\Unity\\Hub\\Editor\\2023.2.9f1\\Editor\\Unity.exe -projectpath C:\\Users\\AMERIKE\\Documents\\proyecto-ml-agents -useHub -hubIPC -cloudEnvironment production","communication_protocol_version":"1.5.0","com.unity.ml-agents_version":"3.0.0-exp.1","scene_name":"Doors","end_time_seconds":"1731365345"}}