{"count":1,"self":130.68468479999999,"total":218.7172656,"children":{"InitializeActuators":{"count":1,"self":0.0015417999999999999,"total":0.0015417999999999999,"children":null},"InitializeSensors":{"count":1,"self":0.0020829999999999998,"total":0.0020829999999999998,"children":null},"AgentSendState":{"count":131567,"self":0.3306917,"total":1.1015347,"children":{"CollectObservations":{"count":26314,"self":0.07890069999999999,"total":0.07890069999999999,"children":null},"WriteActionMask":{"count":26314,"self":0.028587699999999997,"total":0.028587699999999997,"children":null},"RequestDecision":{"count":26314,"self":0.1878335,"total":0.6633546,"children":{"AgentInfo.ToProto":{"count":26314,"self":0.1563338,"total":0.4755211,"children":{"GenerateSensorData":{"count":26314,"self":0.3191873,"total":0.3191873,"children":null}}}}}}},"DecideAction":{"count":131567,"self":81.77922559999999,"total":81.7792231,"children":null},"AgentAct":{"count":131567,"self":5.1419404,"total":5.1476419,"children":{"AgentInfo.ToProto":{"count":270,"self":0.0015378,"total":0.0057014,"children":{"GenerateSensorData":{"count":270,"self":0.0041636,"total":0.0041636,"children":null}}}}}},"gauges":{"CustomAgent.CumulativeReward":{"count":270,"max":-3.77999783,"min":-74.1003952,"runningAverage":-11.6866226,"value":-10.6999979,"weightedAverage":-12.16008}},"metadata":{"timer_format_version":"0.1.0","start_time_seconds":"1731970097","unity_version":"2023.2.9f1","command_line_arguments":"C:\\Program Files\\Unity\\Hub\\Editor\\2023.2.9f1\\Editor\\Unity.exe -projectpath B:\\Unity\\IA5 -useHub -hubIPC -cloudEnvironment production","communication_protocol_version":"1.5.0","com.unity.ml-agents_version":"3.0.0-exp.1","scene_name":"HealerScene","end_time_seconds":"1731970316"}}